family,variant,feature_set,params,val_mae,val_rmse,val_r2,test_mae,test_rmse,test_r2
random_forest,rf_depth_None_leaf_1,engineered_tabular,"{""max_depth"": null, ""min_samples_leaf"": 1, ""n_estimators"": 180}",0.07514477685359092,1.4847868536226523,0.9997398162261821,0.06480320036967477,1.1889001812696327,0.9998296789505621
random_forest,rf_depth_20_leaf_1,engineered_tabular,"{""max_depth"": 20, ""min_samples_leaf"": 1, ""n_estimators"": 180}",0.0751682386538672,1.4847588512889642,0.99973982603996,0.0648054052509714,1.1887069216231385,0.9998297343185585
extra_trees,et_depth_30_leaf_1,engineered_tabular,"{""max_depth"": 30, ""min_samples_leaf"": 1, ""n_estimators"": 220}",0.08879556686095703,1.5673402189468701,0.9997100797587677,0.08327253825353863,1.6838135200374122,0.9996583625099892
extra_trees,et_depth_None_leaf_1,engineered_tabular,"{""max_depth"": null, ""min_samples_leaf"": 1, ""n_estimators"": 220}",0.08909234212259413,1.5758138980805245,0.9997069364309762,0.08348827353220951,1.6882003049511767,0.999656580076942
random_forest,rf_depth_20_leaf_3,engineered_tabular,"{""max_depth"": 20, ""min_samples_leaf"": 3, ""n_estimators"": 180}",0.09264716183067168,1.8865823256567202,0.999579947567279,0.07804431865584685,1.5443590383876495,0.9997126083894983
random_forest,rf_depth_None_leaf_3,engineered_tabular,"{""max_depth"": null, ""min_samples_leaf"": 3, ""n_estimators"": 180}",0.09264716183067168,1.8865823256567202,0.999579947567279,0.07804431865584685,1.5443590383876495,0.9997126083894983
extra_trees,et_depth_30_leaf_3,engineered_tabular,"{""max_depth"": 30, ""min_samples_leaf"": 3, ""n_estimators"": 220}",0.2082453241116514,2.2719438308583584,0.9993908178608415,0.20013794895897838,2.11397149214143,0.9994615122965015
extra_trees,et_depth_None_leaf_3,engineered_tabular,"{""max_depth"": null, ""min_samples_leaf"": 3, ""n_estimators"": 220}",0.20865564792577543,2.2848706681884465,0.9993838659272549,0.19994894199981647,2.1205030590656944,0.9994581796101256
gradient_boosting,gbr_lr_0.05_depth_5,engineered_tabular,"{""learning_rate"": 0.05, ""max_depth"": 5, ""n_estimators"": 220}",0.4536755905942342,1.09734830878948,0.9998578846533792,0.4448774394345847,1.0657527910084046,0.9998631356008564
gradient_boosting,gbr_lr_0.1_depth_5,engineered_tabular,"{""learning_rate"": 0.1, ""max_depth"": 5, ""n_estimators"": 220}",0.4694837887247071,1.0655210751849413,0.9998660088638546,0.4590773120626778,1.0230853878167792,0.9998738749644539
gradient_boosting,gbr_lr_0.1_depth_3,engineered_tabular,"{""learning_rate"": 0.1, ""max_depth"": 3, ""n_estimators"": 220}",1.043507293172201,1.7578669814990215,0.9996353098791274,1.0477059921381975,1.7731239787134634,0.9996211600733919
gradient_boosting,gbr_lr_0.05_depth_3,engineered_tabular,"{""learning_rate"": 0.05, ""max_depth"": 3, ""n_estimators"": 220}",1.4074239205279526,2.4625582052896,0.9992843099325662,1.3834303982839697,2.39199448394949,0.9993105577636928
voting_ensemble,voting_ridge_extra_hgb,engineered_tabular,"{""extra_params"": {""max_depth"": 30, ""min_samples_leaf"": 1, ""n_estimators"": 220}, ""hgb_params"": {""learning_rate"": 0.05, ""max_depth"": 5, ""n_estimators"": 220}, ""ridge_alpha"": 30.0}",1.9714732352220559,3.6206214446943545,0.9984529005914154,1.9603035282565593,3.4251707878167346,0.9985863496643714
ridge,ridge_alpha_30.0,engineered_tabular,"{""alpha"": 30.0}",5.802560740077744,9.967968983907404,0.988273582909822,5.770999821208237,9.681286718523445,0.9887061061287472
ridge,ridge_alpha_10.0,engineered_tabular,"{""alpha"": 10.0}",5.804124575473462,9.970102884703733,0.9882685616885045,5.772377155152105,9.681648048923256,0.9887052630789626
ridge,ridge_alpha_1.0,engineered_tabular,"{""alpha"": 1.0}",5.8049597238891355,9.971215414396646,0.9882659434002475,5.773131321915987,9.681954551969772,0.9887045479267371
ridge,ridge_alpha_0.1,engineered_tabular,"{""alpha"": 0.1}",5.805048336402135,9.971331995731717,0.9882656690144431,5.77321161496542,9.681990243119616,0.9887044646484252
linear_regression,linear_regression,engineered_tabular,"{""features"": [""category"", ""sentiment_missing"", ""platform"", ""word_count"", ""unique_word_count"", ""avg_word_length"", ""unique_word_ratio"", ""digit_count"", ""digit_ratio"", ""has_digits""]}",5.805058303787254,9.971345009512712,0.988265638385012,5.773220649101211,9.681994265868628,0.9887044552621085
tfidf_ridge,tfidf_ridge_alpha_1.0_mf_5000,text_tfidf,"{""alpha"": 1.0, ""max_features"": 5000}",26.16952241993278,42.846395910421826,0.7833390843359737,25.83730642525483,41.87228488707805,0.7887333927180697
tfidf_ridge,tfidf_ridge_alpha_0.5_mf_5000,text_tfidf,"{""alpha"": 0.5, ""max_features"": 5000}",26.21959454420918,42.796976022393864,0.7838385981421863,25.88734759257246,41.84932529589558,0.7889650144266652
tfidf_ridge,tfidf_ridge_alpha_5.0_mf_5000,text_tfidf,"{""alpha"": 5.0, ""max_features"": 5000}",26.634369660069947,43.95608389128694,0.7719710599658274,26.259538447571426,42.822749003781716,0.7790334044420492
tfidf_ridge,tfidf_ridge_alpha_1.0_mf_3000,text_tfidf,"{""alpha"": 1.0, ""max_features"": 3000}",27.56107141258173,44.722689549765235,0.7639479327325311,27.366127512310612,43.907142777214375,0.7677007053484346
tfidf_ridge,tfidf_ridge_alpha_0.5_mf_3000,text_tfidf,"{""alpha"": 0.5, ""max_features"": 3000}",27.59481375376955,44.6927878431707,0.7642634772630004,27.398003508924777,43.895616561995006,0.767822652715177
tfidf_ridge,tfidf_ridge_alpha_5.0_mf_3000,text_tfidf,"{""alpha"": 5.0, ""max_features"": 3000}",27.682973593389423,45.30627898395945,0.7577472190794832,27.470756394960503,44.37686798833603,0.7627037730757038
tfidf_svd_ridge,tfidf_svd_200_alpha_5.0,text_tfidf_svd,"{""alpha"": 5.0, ""max_features"": 5000, ""n_components"": 200}",40.098901236543725,60.24145450282359,0.5717051229957659,39.49062867512973,58.77151744893252,0.5837911159797715
tfidf_svd_ridge,tfidf_svd_200_alpha_1.0,text_tfidf_svd,"{""alpha"": 1.0, ""max_features"": 5000, ""n_components"": 200}",40.194127743514315,60.23767903828898,0.5717588056785954,39.58746149358391,58.75897491310049,0.5839687448050798
tfidf_svd_ridge,tfidf_svd_200_alpha_0.5,text_tfidf_svd,"{""alpha"": 0.5, ""max_features"": 5000, ""n_components"": 200}",40.20794294767234,60.23887615753251,0.5717417844096206,39.601406696479025,58.759082990052704,0.5839672143688697
tfidf_svd_ridge,tfidf_svd_100_alpha_5.0,text_tfidf_svd,"{""alpha"": 5.0, ""max_features"": 5000, ""n_components"": 100}",41.92388246391847,62.69637198977553,0.5360867226122037,41.546087352694656,61.56194471328362,0.5433302981767487
tfidf_svd_ridge,tfidf_svd_100_alpha_1.0,text_tfidf_svd,"{""alpha"": 1.0, ""max_features"": 5000, ""n_components"": 100}",41.99159053934395,62.69377461935399,0.5361251595943549,41.62057973378933,61.56152598161913,0.5433365105020718
tfidf_svd_ridge,tfidf_svd_100_alpha_0.5,text_tfidf_svd,"{""alpha"": 0.5, ""max_features"": 5000, ""n_components"": 100}",42.001029097443336,62.69431413859417,0.5361171756922907,41.630963709667334,61.5623658384464,0.5433240502987392
tfidf_svd_ridge,tfidf_svd_50_alpha_5.0,text_tfidf_svd,"{""alpha"": 5.0, ""max_features"": 5000, ""n_components"": 50}",43.574515446062065,64.81945759716947,0.5041357863984733,43.07593863874179,63.62293041416882,0.5122414682583027
tfidf_svd_ridge,tfidf_svd_50_alpha_1.0,text_tfidf_svd,"{""alpha"": 1.0, ""max_features"": 5000, ""n_components"": 50}",43.62773345770394,64.81739355849379,0.5041673653921082,43.12399761264972,63.61953077334739,0.5122935928461616
tfidf_svd_ridge,tfidf_svd_50_alpha_0.5,text_tfidf_svd,"{""alpha"": 0.5, ""max_features"": 5000, ""n_components"": 50}",43.63509886500395,64.81765889424683,0.50416330591401,43.130715935751795,63.61963652249379,0.5122919715019458
baseline_linear,baseline_linear,minimal_tabular,"{""features"": [""category"", ""sentiment_missing"", ""platform""]}",68.50346629779196,91.77927724672386,0.005874421861580159,68.18532612566447,90.82394515178007,0.006018587899851213
